Test Loss,Test MAE,NaN batches,Nan metrics
8.228823541060025,1.6039802199269568,0,0
