Test Loss,Test MAE,NaN batches,Nan metrics
10.680817399706159,1.4654664946840954,0,0
