Test Loss,Test MAE,NaN batches,Nan metrics
6.989510782927025,1.5592627737702442,0,0
