Test Loss,Test MAE,NaN batches,Nan metrics
25801.511059253247,136.47804398970172,0,0
