Test Loss,Test MAE,NaN batches,Nan metrics
10.80559745392242,1.5600883434345196,0,0
