Target,MAE,RMSE,AAMI,BHS,Perc_<5,Perc_<10,Perc_<15
SBP,11.392526889862225,15.04737640638461,False,D,28.87700534759358,54.01069518716578,75.40106951871658
DBP,11.21885162785984,14.831156024739068,False,D,28.87700534759358,56.68449197860963,74.33155080213903
MAP,11.117261440501492,14.774209399821235,False,D,32.0855614973262,56.14973262032086,74.8663101604278
