Test Loss,Test MAE,NaN batches,Nan metrics
25801.511465097403,136.4780414135425,0,0
