Target,MAE,RMSE,AAMI,Perc_<5,Perc_<10,Perc_<15,BHS
SP,17.678270563784068,21.840890804073908,False,13.725490196078432,30.392156862745097,55.88235294117647,C
DP,17.227293716569076,21.209436055457818,False,16.666666666666664,31.372549019607842,55.88235294117647,C
