Target,MAE,RMSE,AAMI,ME,SDE,Perc_<5,Perc_<10,Perc_<15,BHS
SP,17.678270563784068,21.840890804073908,Fail,-0.17324097902726376,21.948057237199052,13.725490196078432,30.392156862745097,55.88235294117647,D
DP,17.227293716569076,21.209436055457818,Fail,-0.10587456684161235,21.313909086056835,16.666666666666664,31.372549019607842,55.88235294117647,D
